"Monthly average retail prices for gasoline and fuel oil, by geography 1"
"Frequency: Monthly"
"Table: 18-10-0001-01 (formerly CANSIM 326-0009)"
"Release date: 2024-02-20"
"Geography: Canada, Census subdivision, Census metropolitan area, Census metropolitan area part"
""
""

"Type of fuel","Regular unleaded gasoline at self service filling stations",,,,,,,,,,,,,,,,,,,,,,,,,,,,,,,,,,,,,,,,,,,,,,,,,,,,,,,,,,,,,,,,,,,,,,,,,,,,,,,,,,,,,,,,,,,,,,,,,,,,,,,,,,,,,,,,,,,,,,,,,,,,,,,,,,,,,,,,,,,,,,,,,,,,,,,,,,,,,,,,,,,,,,,,,,,,,,,,,,,,,,,,,,,,,,,,,,,,,,,,,,,,,,,,,,,,,,,,,,,,,,,,,,,,,,,,,,,,,,,,,,,,,,,,,,,,,,,,,,,,,,,,,,,,,,,,,,,,,,,,,,,,,,,,,,,,,,,,,,,,,,,,,,,,,,,,,,,,,,,,,,,,,,,,,,,,,,,,,,,,,,,,,,,,,,,,,,,,,,,,,,,,,,,,,,,,,,,,,,,,,,,,,,,,,,,,,,,,,,,,,,,,,,,,,,,,,,,,,,,,,,,,,,,,,,,,,,,,,,,,,,,,,,,,,,,,,,,,,,,,,,,,,,,,,,,,,,,,,,,,,,,,,,,,,,,,,,,,,,,,,,,,,,,,,,,,,,,,,,,,,,,,,,,,,,,,,,,,,,,,
"Geography","January 1979","February 1979","March 1979","April 1979","May 1979","June 1979","July 1979","August 1979","September 1979","October 1979","November 1979","December 1979","January 1980","February 1980","March 1980","April 1980","May 1980","June 1980","July 1980","August 1980","September 1980","October 1980","November 1980","December 1980","January 1981","February 1981","March 1981","April 1981","May 1981","June 1981","July 1981","August 1981","September 1981","October 1981","November 1981","December 1981","January 1982","February 1982","March 1982","April 1982","May 1982","June 1982","July 1982","August 1982","September 1982","October 1982","November 1982","December 1982","January 1983","February 1983","March 1983","April 1983","May 1983","June 1983","July 1983","August 1983","September 1983","October 1983","November 1983","December 1983","January 1984","February 1984","March 1984","April 1984","May 1984","June 1984","July 1984","August 1984","September 1984","October 1984","November 1984","December 1984","January 1985","February 1985","March 1985","April 1985","May 1985","June 1985","July 1985","August 1985","September 1985","October 1985","November 1985","December 1985","January 1986","February 1986","March 1986","April 1986","May 1986","June 1986","July 1986","August 1986","September 1986","October 1986","November 1986","December 1986","January 1987","February 1987","March 1987","April 1987","May 1987","June 1987","July 1987","August 1987","September 1987","October 1987","November 1987","December 1987","January 1988","February 1988","March 1988","April 1988","May 1988","June 1988","July 1988","August 1988","September 1988","October 1988","November 1988","December 1988","January 1989","February 1989","March 1989","April 1989","May 1989","June 1989","July 1989","August 1989","September 1989","October 1989","November 1989","December 1989","January 1990","February 1990","March 1990","April 1990","May 1990","June 1990","July 1990","August 1990","September 1990","October 1990","November 1990","December 1990","January 1991","February 1991","March 1991","April 1991","May 1991","June 1991","July 1991","August 1991","September 1991","October 1991","November 1991","December 1991","January 1992","February 1992","March 1992","April 1992","May 1992","June 1992","July 1992","August 1992","September 1992","October 1992","November 1992","December 1992","January 1993","February 1993","March 1993","April 1993","May 1993","June 1993","July 1993","August 1993","September 1993","October 1993","November 1993","December 1993","January 1994","February 1994","March 1994","April 1994","May 1994","June 1994","July 1994","August 1994","September 1994","October 1994","November 1994","December 1994","January 1995","February 1995","March 1995","April 1995","May 1995","June 1995","July 1995","August 1995","September 1995","October 1995","November 1995","December 1995","January 1996","February 1996","March 1996","April 1996","May 1996","June 1996","July 1996","August 1996","September 1996","October 1996","November 1996","December 1996","January 1997","February 1997","March 1997","April 1997","May 1997","June 1997","July 1997","August 1997","September 1997","October 1997","November 1997","December 1997","January 1998","February 1998","March 1998","April 1998","May 1998","June 1998","July 1998","August 1998","September 1998","October 1998","November 1998","December 1998","January 1999","February 1999","March 1999","April 1999","May 1999","June 1999","July 1999","August 1999","September 1999","October 1999","November 1999","December 1999","January 2000","February 2000","March 2000","April 2000","May 2000","June 2000","July 2000","August 2000","September 2000","October 2000","November 2000","December 2000","January 2001","February 2001","March 2001","April 2001","May 2001","June 2001","July 2001","August 2001","September 2001","October 2001","November 2001","December 2001","January 2002","February 2002","March 2002","April 2002","May 2002","June 2002","July 2002","August 2002","September 2002","October 2002","November 2002","December 2002","January 2003","February 2003","March 2003","April 2003","May 2003","June 2003","July 2003","August 2003","September 2003","October 2003","November 2003","December 2003","January 2004","February 2004","March 2004","April 2004","May 2004","June 2004","July 2004","August 2004","September 2004","October 2004","November 2004","December 2004","January 2005","February 2005","March 2005","April 2005","May 2005","June 2005","July 2005","August 2005","September 2005","October 2005","November 2005","December 2005","January 2006","February 2006","March 2006","April 2006","May 2006","June 2006","July 2006","August 2006","September 2006","October 2006","November 2006","December 2006","January 2007","February 2007","March 2007","April 2007","May 2007","June 2007","July 2007","August 2007","September 2007","October 2007","November 2007","December 2007","January 2008","February 2008","March 2008","April 2008","May 2008","June 2008","July 2008","August 2008","September 2008","October 2008","November 2008","December 2008","January 2009","February 2009","March 2009","April 2009","May 2009","June 2009","July 2009","August 2009","September 2009","October 2009","November 2009","December 2009","January 2010","February 2010","March 2010","April 2010","May 2010","June 2010","July 2010","August 2010","September 2010","October 2010","November 2010","December 2010","January 2011","February 2011","March 2011","April 2011","May 2011","June 2011","July 2011","August 2011","September 2011","October 2011","November 2011","December 2011","January 2012","February 2012","March 2012","April 2012","May 2012","June 2012","July 2012","August 2012","September 2012","October 2012","November 2012","December 2012","January 2013","February 2013","March 2013","April 2013","May 2013","June 2013","July 2013","August 2013","September 2013","October 2013","November 2013","December 2013","January 2014","February 2014","March 2014","April 2014","May 2014","June 2014","July 2014","August 2014","September 2014","October 2014","November 2014","December 2014","January 2015","February 2015","March 2015","April 2015","May 2015","June 2015","July 2015","August 2015","September 2015","October 2015","November 2015","December 2015","January 2016","February 2016","March 2016","April 2016","May 2016","June 2016","July 2016","August 2016","September 2016","October 2016","November 2016","December 2016","January 2017","February 2017","March 2017","April 2017","May 2017","June 2017","July 2017","August 2017","September 2017","October 2017","November 2017","December 2017","January 2018","February 2018","March 2018","April 2018","May 2018","June 2018","July 2018","August 2018","September 2018","October 2018","November 2018","December 2018","January 2019","February 2019","March 2019","April 2019","May 2019","June 2019","July 2019","August 2019","September 2019","October 2019","November 2019","December 2019","January 2020","February 2020","March 2020","April 2020","May 2020","June 2020","July 2020","August 2020","September 2020","October 2020","November 2020","December 2020","January 2021","February 2021","March 2021","April 2021","May 2021","June 2021","July 2021","August 2021","September 2021","October 2021","November 2021","December 2021","January 2022","February 2022","March 2022","April 2022","May 2022","June 2022","July 2022","August 2022","September 2022","October 2022","November 2022","December 2022","January 2023","February 2023","March 2023","April 2023","May 2023","June 2023","July 2023","August 2023","September 2023","October 2023","November 2023","December 2023","January 2024"
,"Cents per litre",,,,,,,,,,,,,,,,,,,,,,,,,,,,,,,,,,,,,,,,,,,,,,,,,,,,,,,,,,,,,,,,,,,,,,,,,,,,,,,,,,,,,,,,,,,,,,,,,,,,,,,,,,,,,,,,,,,,,,,,,,,,,,,,,,,,,,,,,,,,,,,,,,,,,,,,,,,,,,,,,,,,,,,,,,,,,,,,,,,,,,,,,,,,,,,,,,,,,,,,,,,,,,,,,,,,,,,,,,,,,,,,,,,,,,,,,,,,,,,,,,,,,,,,,,,,,,,,,,,,,,,,,,,,,,,,,,,,,,,,,,,,,,,,,,,,,,,,,,,,,,,,,,,,,,,,,,,,,,,,,,,,,,,,,,,,,,,,,,,,,,,,,,,,,,,,,,,,,,,,,,,,,,,,,,,,,,,,,,,,,,,,,,,,,,,,,,,,,,,,,,,,,,,,,,,,,,,,,,,,,,,,,,,,,,,,,,,,,,,,,,,,,,,,,,,,,,,,,,,,,,,,,,,,,,,,,,,,,,,,,,,,,,,,,,,,,,,,,,,,,,,,,,,,,,,,,,,,,,,,,,,,,,,,,,,,,,,,,,,,
"Canada","..","..","..","..","..","..","..","..","..","..","..","..","..","..","..","..","..","..","..","..","..","..","..","..","..","..","..","..","..","..","..","..","..","..","..","..","..","..","..","..","..","..","..","..","..","..","..","..","..","..","..","..","..","..","..","..","..","..","..","..","..","..","..","..","..","..","..","..","..","..","..","..","..","..","..","..","..","..","..","..","..","..","..","..","..","..","..","..","..","..","..","..","..","..","..","..","..","..","..","..","..","..","..","..","..","..","..","..","..","..","..","..","..","..","..","..","..","..","..","..","..","..","..","..","..","..","..","..","..","..","..","..","..","..","..","..","..","..","..","..","..","..","..","..","..","..","..","..","..","..","..","..","..","..","..","..","..","..","..","..","..","..","..","..","..","..","..","..","..","..","..","..","..","..","..","..","..","..","..","..","..","..","..","..","..","..","..","..","..","..","..","..","..","..","..","..","..","..","..","..","..","..","..","..","..","..","..","..","..","..","..","..","..","..","..","..","..","..","..","..","..","..","..","..","..","..","..","..","..","..","..","..","..","..","..","..","..","..","..","..","..","..","..","..","..","..","..","..","..","..","..","..","..","..","..","..","..","..","..","..","..","..","..","..","..","..","..","..","..","..","..","..","..","..","..","..","..","..","..","..","..","..","..","..","..","..","..","..","..","..","..","..","..","..","..","..","..","..","..","..","..","..","..","..","..","..","..","..","..","..","..","..","..","..","..","..","..","..","..","..","..","..","..","..","95.0","88.0","93.3","106.2","104.6","104.5","109.7","109.6","89.7","86.5","86.5","90.1","87.1","91.0","102.4","105.2","111.5","106.1","106.4","100.8","101.9","98.0","102.4","104.0","106.0","106.6","110.3","117.5","128.0","135.1","136.6","127.3","128.6","110.9","86.8","76.5","81.0","85.1","87.1","87.8","95.6","101.6","97.4","100.5","98.8","96.5","99.6","96.1","100.4","98.8","102.4","102.7","101.8","98.6","102.2","101.9","101.8","105.1","106.8","109.5","113.5","114.3","121.9","129.6","132.0","127.0","131.1","125.5","125.0","124.4","121.3","117.8","121.3","124.2","129.8","134.1","129.0","125.2","125.3","128.4","131.1","129.3","121.8","118.6","118.5","129.0","129.1","125.4","127.4","131.0","132.6","131.2","130.3","123.8","122.5","123.9","123.9","126.9","131.4","134.3","134.8","137.9","134.7","130.9","129.7","124.3","114.8","103.2","90.6","100.2","106.4","106.0","112.4","118.8","119.1","115.0","105.8","103.9","103.7","99.1","92.6","86.7","91.9","100.0","104.1","108.6","102.1","101.9","102.8","106.7","101.0","104.9","112.2","106.5","106.0","116.1","110.9","106.5","107.0","109.7","116.0","112.4","120.8","116.9","120.6","119.7","123.1","131.6","135.9","132.9","133.9","131.8","130.4","125.9","113.8","106.4","103.1","105.1","117.7","129.5","130.7","119.9","124.4","117.9","116.9","117.2","115.0","114.5","114.6","112.2","91.3","77.8","91.4","101.0","105.5","104.6","104.1","102.6","101.1","104.4","111.0","118.2","125.0","127.5","131.5","133.7","138.4","139.0","138.9","146.0","145.8","140.0","146.6","156.8","175.2","173.8","194.8","207.2","187.8","169.6","156.4","171.5","165.3","143.6","150.3","148.5","150.3","160.1","158.8","161.6","163.1","170.6","168.3","157.4","152.2","145.4","144.1"
"St. John's, Newfoundland and Labrador","..","..","..","..","..","..","..","..","..","..","..","..","..","..","..","..","..","..","..","..","..","..","..","..","..","..","..","..","..","..","..","..","..","..","..","..","..","..","..","..","..","..","..","..","..","..","..","..","..","..","..","..","..","..","..","..","..","..","..","..","..","..","..","..","..","..","..","..","..","..","..","..","..","..","..","..","..","..","..","..","..","..","..","..","..","..","..","..","..","..","..","..","..","..","..","..","..","..","..","..","..","..","..","..","..","..","..","..","..","..","..","..","..","..","..","..","..","..","..","..","..","..","..","..","..","..","..","..","..","..","..","..","57.7","58.2","58.5","59.3","59.8","59.7","59.5","59.6","61.4","65.9","67.3","70.7","73.5","69.1","64.8","61.9","61.8","61.8","61.8","61.9","61.8","61.8","61.8","61.8","61.8","61.8","61.4","60.9","60.9","60.9","61.0","61.0","61.0","59.9","59.4","59.2","57.1","57.1","56.4","56.4","57.4","58.4","59.5","58.0","57.8","56.5","54.7","54.1","53.2","53.5","55.9","56.7","59.5","59.6","59.6","59.6","59.8","61.8","61.8","61.8","60.5","60.1","61.5","61.5","65.9","65.9","65.9","64.7","62.9","62.6","60.9","60.9","60.9","59.8","59.1","61.8","63.9","63.7","56.4","57.9","62.9","62.9","62.9","64.6","64.6","64.6","64.6","69.5","69.0","69.0","68.9","68.9","68.9","68.3","67.9","67.9","67.6","66.9","64.7","63.9","63.9","63.9","63.9","63.9","63.9","63.9","63.9","62.0","59.6","58.9","58.9","62.5","65.9","63.9","64.7","68.9","70.1","72.9","71.9","75.9","74.9","76.5","82.7","79.7","80.2","85.2","87.9","83.4","86.3","85.5","88.6","84.9","81.1","80.9","80.9","83.1","88.4","85.1","77.6","76.9","79.7","76.4","71.0","68.2","68.7","70.1","71.1","76.0","79.0","77.3","77.2","79.3","80.6","81.4","83.1","80.5","84.1","85.7","89.4","83.9","80.4","79.0","79.3","81.4","87.9","82.1","80.9","80.0","81.7","84.1","87.8","89.0","94.7","97.9","93.2","94.0","94.1","97.3","94.9","91.3","87.5","92.6","93.9","99.4","99.9","99.8","104.0","108.0","125.2","115.0","100.7","99.7","103.5","103.8","99.5","114.7","118.5","115.4","116.5","119.8","104.3","98.0","96.6","100.5","99.3","97.5","110.5","114.5","117.5","118.6","116.5","111.5","109.7","108.8","111.0","116.0","116.0","115.3","119.8","122.3","134.0","142.0","146.8","136.5","140.3","125.0","98.7","86.8","86.0","92.4","93.1","95.4","101.8","109.0","109.6","108.1","108.9","103.8","110.9","108.9","109.8","108.8","112.9","113.0","112.0","107.3","108.6","108.9","107.1","111.2","113.4","117.1","120.4","120.7","127.9","135.8","137.1","131.1","130.5","131.4","132.2","130.1","128.1","125.6","127.3","133.3","137.8","142.4","135.0","128.8","124.3","131.1","135.7","134.1","127.9","125.5","126.8","134.5","131.7","127.0","124.1","126.6","130.6","132.1","132.9","125.0","126.0","129.6","131.5","134.4","134.8","136.4","138.3","138.4","135.9","132.5","133.1","128.7","117.8","105.5","95.8","106.8","113.3","109.1","117.0","123.2","121.9","113.8","106.9","103.2","103.1","98.0","93.0","89.7","89.3","101.5","104.3","126.2","121.7","122.8","127.4","130.7","127.8","130.1","137.5","130.7","126.6","133.8","129.5","113.5","112.1","116.2","125.7","120.0","126.8","118.0","120.3","121.8","122.1","131.0","137.1","134.3","134.9","132.5","131.2","131.2","118.6","109.7","107.3","113.1","122.8","131.6","131.1","120.2","128.3","123.4","121.4","121.2","122.0","121.9","123.6","120.2","101.4","81.3","91.5","102.9","107.2","106.7","106.6","110.3","112.0","117.0","124.8","130.8","141.6","141.2","143.5","145.0","153.4","151.9","153.8","160.2","159.1","151.7","159.2","170.9","187.8","189.9","215.5","219.7","200.4","184.3","166.8","180.1","181.2","157.8","165.5","166.1","165.1","174.3","165.5","168.4","174.8","188.0","190.0","173.9","168.3","163.0","161.2"
"Charlottetown and Summerside, Prince Edward Island","..","..","..","..","..","..","..","..","..","..","..","..","..","..","..","..","..","..","..","..","..","..","..","..","..","..","..","..","..","..","..","..","..","..","..","..","..","..","..","..","..","..","..","..","..","..","..","..","..","..","..","..","..","..","..","..","..","..","..","..","..","..","..","..","..","..","..","..","..","..","..","..","..","..","..","..","..","..","..","..","..","..","..","..","..","..","..","..","..","..","..","..","..","..","..","..","..","..","..","..","..","..","..","..","..","..","..","..","..","..","..","..","..","..","..","..","..","..","..","..","..","..","..","..","..","..","..","..","..","..","..","..","54.6","54.8","55.0","56.4","56.8","57.4","58.5","58.6","58.6","58.7","58.7","65.3","72.5","71.7","68.0","64.0","60.8","60.4","59.6","59.5","60.2","61.1","61.1","61.2","61.5","61.5","61.2","60.1","60.3","60.1","60.1","60.9","60.8","60.9","60.9","60.9","58.9","58.9","58.9","56.4","55.9","55.6","56.2","56.2","56.2","56.1","56.1","56.0","52.8","52.6","52.6","53.0","53.9","53.9","55.0","56.1","56.9","57.9","57.8","57.6","57.6","57.6","59.3","59.2","59.6","60.1","60.5","60.4","60.2","60.1","59.2","57.8","57.7","57.7","58.4","59.2","59.5","59.8","58.8","58.7","58.7","58.7","61.4","61.2","62.7","62.7","63.1","63.5","61.9","60.3","59.0","59.0","58.5","58.5","59.3","59.2","60.3","59.8","56.8","56.2","52.3","52.3","52.5","52.1","50.1","49.7","50.8","50.8","49.7","49.6","48.0","47.9","48.9","49.4","52.6","53.7","56.3","56.7","61.2","61.2","63.3","63.3","65.4","65.6","68.2","69.6","69.6","74.4","72.9","74.8","77.9","76.6","79.3","70.3","70.2","72.8","74.9","76.4","76.2","73.0","69.4","70.8","67.6","62.1","59.4","59.4","60.0","65.2","70.7","68.6","67.7","70.8","72.5","73.9","76.3","74.0","72.8","77.9","82.9","81.6","73.5","68.8","68.8","70.9","76.4","74.7","70.8","68.7","68.7","72.9","76.8","83.4","86.6","93.7","88.6","87.4","87.6","87.7","90.6","84.9","80.4","83.0","86.4","92.9","97.2","94.3","97.7","100.0","121.5","112.3","96.0","94.7","99.7","99.4","93.6","111.3","115.8","110.3","115.5","116.6","98.0","89.9","89.9","96.6","94.7","92.5","107.5","111.3","113.5","110.5","107.5","101.8","102.0","99.5","102.8","107.0","107.9","107.0","111.1","114.0","127.1","136.2","138.0","129.1","130.2","112.0","87.6","73.7","74.7","84.4","83.3","86.3","91.8","103.0","99.0","101.4","99.8","95.9","102.5","97.9","101.6","99.9","103.8","103.8","102.2","98.1","99.2","98.5","97.5","100.9","102.6","106.2","108.9","110.8","118.8","123.9","126.4","123.2","121.0","121.2","122.4","120.0","118.2","116.2","118.3","122.8","127.9","134.1","125.8","120.3","116.5","122.5","131.3","131.1","120.7","119.9","120.1","128.0","128.0","130.0","126.6","129.2","133.1","136.5","136.2","127.9","128.2","130.1","131.9","135.5","137.7","137.8","139.4","138.8","136.5","134.0","133.1","129.8","117.5","104.9","91.5","100.2","107.3","105.2","112.9","118.7","119.1","113.8","103.6","100.2","98.0","97.5","93.1","86.7","88.2","99.9","103.2","104.7","98.4","96.4","100.4","105.6","103.2","105.3","112.9","105.8","104.6","110.3","106.8","105.8","102.4","106.9","114.8","107.9","115.6","111.5","115.3","115.5","116.9","123.5","131.3","130.0","128.9","126.9","126.5","124.5","111.6","103.5","98.0","99.8","111.5","125.8","128.7","116.2","123.1","116.7","115.4","114.5","114.4","113.7","113.6","111.0","90.2","73.6","82.6","94.8","99.7","99.5","98.8","99.6","95.8","101.5","109.1","115.3","125.4","126.2","129.5","130.9","137.1","136.7","137.5","143.9","143.5","134.6","143.5","154.8","172.4","171.0","204.5","214.2","195.5","180.0","163.7","177.1","177.0","151.2","161.8","162.7","160.7","168.4","161.2","163.4","173.7","185.3","184.8","165.7","161.3","158.0","156.6"
"Halifax, Nova Scotia","..","..","..","..","..","..","..","..","..","..","..","..","..","..","..","..","..","..","..","..","..","..","..","..","..","..","..","..","..","..","..","..","..","..","..","..","..","..","..","..","..","..","..","..","..","..","..","..","..","..","..","..","..","..","..","..","..","..","..","..","..","..","..","..","..","..","..","..","..","..","..","..","..","..","..","..","..","..","..","..","..","..","..","..","..","..","..","..","..","..","..","..","..","..","..","..","..","..","..","..","..","..","..","..","..","..","..","..","..","..","..","..","..","..","..","..","..","..","..","..","..","..","..","..","..","..","..","..","..","..","..","..","..","..","..","..","..","..","..","..","..","..","..","..","..","..","..","..","..","..","..","..","..","..","..","..","..","..","58.8","58.8","58.7","58.8","58.8","58.2","58.0","57.8","57.3","56.0","52.2","50.9","49.2","49.6","51.3","51.8","53.6","51.8","51.3","51.6","47.6","47.4","48.5","46.3","48.6","48.4","53.7","53.6","54.4","55.5","55.5","52.4","54.0","52.5","51.4","50.7","55.1","53.7","58.0","57.3","57.2","54.9","51.2","53.6","53.8","54.5","54.5","53.3","47.2","52.1","60.9","57.0","52.0","50.5","54.5","57.8","59.0","58.4","57.9","57.9","57.9","61.5","60.6","59.9","59.3","61.9","64.9","62.2","61.7","61.7","60.3","59.7","57.5","56.7","56.7","56.7","56.7","56.7","56.7","56.7","56.7","54.0","52.9","51.9","51.9","57.3","59.9","59.9","59.5","65.7","67.3","66.9","66.9","69.3","69.6","70.8","76.7","72.9","74.1","78.7","78.8","74.7","78.3","80.0","81.7","76.4","75.2","75.3","74.9","78.2","82.1","77.2","71.9","71.8","74.6","68.0","62.8","61.9","61.8","64.2","67.1","75.3","74.2","73.8","74.9","77.9","77.9","78.9","78.1","76.2","82.5","84.9","85.8","77.5","71.2","72.9","76.4","81.6","80.9","75.2","72.7","73.9","77.9","81.2","84.7","85.0","96.0","92.7","91.5","90.7","88.8","92.2","87.3","82.0","83.6","87.4","91.8","96.8","93.6","95.3","100.4","107.4","120.0","108.6","92.6","97.3","103.0","93.6","101.2","114.9","112.1","111.4","115.1","117.2","96.0","92.0","90.3","97.1","95.4","93.9","108.5","112.2","115.5","111.6","112.7","103.1","106.4","102.7","108.5","111.1","113.5","110.7","116.2","120.3","131.0","139.5","142.2","131.0","133.1","115.1","89.9","77.7","77.8","86.5","86.3","89.6","96.5","105.3","101.6","103.8","101.9","98.5","106.0","101.2","105.4","102.8","107.3","106.8","105.4","100.3","104.2","104.5","102.1","108.3","108.7","114.1","116.5","116.2","125.3","132.8","133.6","126.6","128.0","126.8","128.7","126.4","125.2","121.5","127.9","132.2","137.3","142.7","131.5","124.8","124.5","130.2","138.8","136.4","126.1","123.5","127.3","137.5","135.4","129.4","126.3","129.2","133.4","134.9","135.0","126.3","126.3","130.7","132.3","135.9","138.3","136.1","139.1","138.2","136.7","132.5","133.0","130.7","117.8","105.6","91.6","100.1","108.3","108.2","115.5","119.7","117.9","110.6","101.8","98.3","99.1","96.9","93.6","86.2","87.3","100.3","102.7","106.0","97.0","95.9","102.1","105.3","103.1","106.2","111.8","104.4","103.2","112.1","106.4","103.2","102.8","106.5","115.7","106.7","115.9","111.8","115.2","114.1","114.0","124.2","130.4","125.5","126.2","124.0","123.5","122.6","108.0","99.9","99.0","103.2","116.6","127.6","125.8","110.9","119.9","114.2","112.5","112.9","113.7","112.3","112.4","107.5","85.4","67.9","78.2","89.8","96.1","94.7","94.2","94.1","91.0","96.5","107.5","115.4","125.0","125.1","127.6","129.2","135.4","134.1","135.1","142.4","140.8","130.7","141.4","153.8","171.1","169.1","195.8","208.1","187.1","170.2","153.5","167.2","170.2","144.0","151.3","151.4","150.1","163.2","151.4","153.1","174.7","185.0","182.2","166.3","161.6","154.3","154.5"
"Saint John, New Brunswick","..","..","..","..","..","..","..","..","..","..","..","..","..","..","..","..","..","..","..","..","..","..","..","..","..","..","..","..","..","..","..","..","..","..","..","..","..","..","..","..","..","..","..","..","..","..","..","..","..","..","..","..","..","..","..","..","..","..","..","..","..","..","..","..","..","..","..","..","..","..","..","..","..","..","..","..","..","..","..","..","..","..","..","..","..","..","..","..","..","..","..","..","..","..","..","..","..","..","..","..","..","..","..","..","..","..","..","..","..","..","..","..","..","..","..","..","..","..","..","..","..","..","..","..","..","..","..","..","..","..","..","..","..","..","..","..","..","..","..","..","..","..","..","..","..","..","..","..","..","..","..","..","..","..","..","..","..","..","..","..","..","..","..","..","..","..","56.1","55.3","54.6","54.5","54.5","54.4","54.7","54.8","55.7","55.5","55.3","54.5","54.5","53.9","50.3","50.3","50.3","50.6","54.9","54.9","54.9","54.9","55.9","55.9","55.9","54.7","53.9","53.9","55.8","55.7","59.0","59.0","59.0","57.6","54.9","54.4","53.9","55.1","53.5","50.7","51.9","54.9","56.4","55.6","52.7","56.5","55.4","57.5","58.7","57.9","58.5","58.8","58.7","62.8","60.9","58.8","58.7","58.7","65.7","61.2","59.7","59.6","59.6","58.4","56.1","52.4","54.9","54.6","54.3","52.7","53.0","56.9","56.7","54.6","49.6","50.9","50.2","57.8","58.9","59.3","60.3","64.3","65.0","64.2","62.7","66.6","63.8","68.6","73.6","71.1","71.7","76.6","75.5","70.1","75.0","75.8","80.4","77.5","71.7","71.4","69.8","75.2","80.4","75.8","68.7","69.1","69.7","66.4","60.7","61.3","63.3","63.3","68.6","73.6","73.1","72.6","73.3","75.5","75.9","77.2","77.5","76.3","82.4","87.1","87.3","78.4","72.3","73.7","75.1","81.2","82.7","75.9","74.3","74.8","78.7","81.5","83.5","84.7","94.5","95.1","90.2","91.3","89.2","93.2","90.1","83.6","83.6","88.2","92.3","95.9","95.4","94.3","100.3","107.4","118.1","107.3","96.0","96.3","101.3","96.3","100.0","114.6","111.6","111.3","112.8","115.5","97.5","87.5","87.0","90.6","91.5","88.0","101.3","105.0","109.2","107.8","106.8","100.1","100.9","98.2","102.8","105.8","106.8","105.4","110.5","113.6","125.8","134.2","137.2","125.8","128.6","112.9","88.4","75.0","74.0","82.2","82.1","85.1","90.9","99.9","97.1","98.5","97.2","93.1","99.6","97.4","100.1","97.6","101.8","101.9","101.1","96.3","97.8","98.0","96.1","100.2","101.9","106.4","109.6","109.4","117.7","128.1","127.2","123.9","124.4","125.2","126.3","124.2","123.1","120.4","123.9","127.7","132.6","137.9","129.7","123.8","120.6","125.6","134.4","132.3","121.4","120.4","122.3","131.1","131.4","126.6","122.7","125.0","128.2","130.6","131.4","123.6","122.3","125.3","127.6","130.8","134.7","134.5","135.6","132.1","133.0","127.4","129.2","127.2","115.4","105.0","90.8","95.5","103.5","105.8","113.0","117.3","116.6","109.3","103.0","97.6","97.8","97.0","92.6","86.9","86.2","96.8","100.3","104.9","98.7","97.2","102.3","104.8","104.7","105.6","111.3","106.4","103.9","111.3","107.6","105.1","102.1","107.1","115.1","107.5","115.5","112.3","114.1","113.9","113.9","122.9","128.9","125.7","126.9","126.5","127.0","126.2","113.4","105.3","102.1","104.1","114.6","130.0","130.3","119.2","124.0","120.0","117.8","118.1","118.9","118.4","117.8","113.3","95.4","73.4","82.8","92.7","98.2","96.9","97.0","96.8","94.3","98.8","106.1","112.3","123.1","125.8","128.7","130.2","135.8","136.3","137.7","143.1","146.0","139.6","142.2","153.2","169.6","174.4","194.2","210.6","192.1","177.1","158.5","168.9","174.1","149.5","157.4","158.7","156.7","169.3","159.1","161.4","170.6","182.7","184.5","167.3","160.3","154.8","152.7"
"Québec, Quebec","..","..","..","..","..","..","..","..","..","..","..","..","..","..","..","..","..","..","..","..","..","..","..","..","..","..","..","..","..","..","..","..","..","..","..","..","..","..","..","..","..","..","..","..","..","..","..","..","..","..","..","..","..","..","..","..","..","..","..","..","..","..","..","..","..","..","..","..","..","..","..","..","..","..","..","..","..","..","..","..","..","..","..","..","..","..","..","..","..","..","..","..","..","..","..","..","..","..","..","..","..","..","..","..","..","..","..","..","..","..","..","..","..","..","..","..","..","..","..","..","..","..","..","..","..","..","..","..","..","..","..","..","58.3","58.9","59.5","60.3","60.4","61.5","61.3","61.4","62.6","66.7","67.8","70.6","72.3","67.4","63.4","61.7","62.1","63.2","63.2","63.5","66.0","66.0","63.3","58.9","64.3","62.0","56.5","60.1","61.5","62.7","62.9","62.1","61.2","59.8","59.6","60.4","59.5","57.9","58.4","58.3","59.1","61.0","61.5","60.5","59.4","58.2","58.2","56.5","54.0","54.3","55.1","56.0","57.1","59.2","59.6","60.7","57.7","53.5","57.6","55.9","55.8","57.0","58.0","60.2","61.9","61.6","57.5","54.7","57.6","57.0","56.8","59.8","57.8","58.2","57.2","62.0","68.4","65.6","55.7","59.1","58.2","61.8","62.2","61.5","63.3","64.6","62.7","60.1","60.7","59.4","57.9","62.8","63.7","61.8","59.5","59.3","57.2","57.8","54.4","54.2","55.9","55.3","53.6","53.6","55.6","56.6","56.0","51.8","54.2","53.7","56.7","60.7","60.0","57.2","61.6","68.5","63.7","68.9","66.9","65.4","64.0","69.4","74.0","67.6","68.9","75.5","73.8","71.0","75.4","73.7","76.6","73.4","76.8","77.0","78.4","81.9","84.7","78.7","69.1","71.9","75.1","72.3","63.5","58.0","60.8","63.5","71.2","75.2","75.4","73.3","72.8","75.4","76.3","77.1","74.3","70.3","77.9","85.8","86.7","78.2","71.5","73.8","75.2","82.7","79.9","76.3","71.7","73.9","77.8","82.4","85.5","83.7","96.5","92.2","90.7","88.2","87.4","91.4","87.4","81.3","83.2","85.9","92.7","94.1","93.3","95.2","101.4","105.8","119.0","107.7","94.6","96.9","102.7","96.4","99.3","113.5","110.9","108.8","115.1","114.9","93.4","87.7","88.8","96.9","93.4","94.3","107.3","108.4","115.2","110.8","113.3","106.8","103.4","103.0","107.5","113.9","115.3","115.2","117.0","119.8","135.4","144.4","142.5","129.6","134.1","117.2","91.0","79.7","83.3","90.2","90.0","90.2","98.8","106.5","102.3","105.5","102.8","99.7","101.9","100.8","106.3","102.4","108.4","105.7","107.0","102.0","104.0","105.6","101.7","107.5","111.6","115.3","116.9","118.6","125.1","134.6","135.8","130.4","132.0","129.5","130.3","130.8","127.3","125.0","130.9","133.1","137.1","141.0","136.9","130.5","130.8","137.0","140.9","140.2","130.2","125.5","131.4","139.2","138.4","134.5","132.6","132.8","138.1","139.2","142.2","130.1","131.0","133.0","134.8","134.1","134.6","138.2","140.3","140.8","139.7","134.9","139.1","132.1","117.4","110.5","97.0","101.4","112.0","111.4","118.4","120.3","122.7","115.4","111.9","103.7","104.5","102.3","97.9","90.1","96.4","101.7","103.9","107.0","99.9","101.2","103.5","106.1","104.3","106.2","111.0","106.4","105.0","115.0","111.9","107.4","106.5","113.3","121.5","111.3","119.9","114.0","118.8","119.3","123.4","131.7","136.6","131.7","130.6","131.1","132.0","127.5","115.1","108.7","106.9","107.2","121.9","130.6","132.6","122.2","127.3","118.6","117.2","115.2","116.7","116.4","115.1","113.4","99.1","81.1","93.5","103.8","109.5","108.3","107.7","101.1","103.0","107.2","114.8","121.1","128.4","128.7","133.8","134.7","137.7","139.9","144.6","150.6","154.6","149.8","152.7","164.5","181.5","180.8","206.6","219.7","201.0","186.8","165.8","176.3","179.3","157.4","165.1","161.9","162.8","171.7","173.8","177.9","174.6","185.0","182.6","173.1","166.3","163.0","160.2"
"Montréal, Quebec","..","..","..","..","..","..","..","..","..","..","..","..","..","..","..","..","..","..","..","..","..","..","..","..","..","..","..","..","..","..","..","..","..","..","..","..","..","..","..","..","..","..","..","..","..","..","..","..","..","..","..","..","..","..","..","..","..","..","..","..","..","..","..","..","..","..","..","..","..","..","..","..","..","..","..","..","..","..","..","..","..","..","..","..","..","..","..","..","..","..","..","..","..","..","..","..","..","..","..","..","..","..","..","..","..","..","..","..","..","..","..","..","..","..","..","..","..","..","..","..","..","..","..","..","..","..","..","..","..","..","..","..","59.0","59.0","59.7","60.5","60.7","61.5","61.7","61.7","62.9","67.2","68.8","70.8","72.3","67.2","63.1","61.8","61.9","63.0","63.0","63.5","66.3","66.3","62.8","60.5","63.2","59.2","56.8","60.2","59.9","61.4","61.6","60.7","60.6","58.9","59.5","60.7","58.8","57.6","58.1","57.5","58.7","61.4","59.8","55.6","57.2","55.4","56.3","52.9","51.2","53.2","54.7","55.0","52.8","57.8","56.4","59.7","57.4","52.8","57.3","53.6","55.0","55.1","54.1","58.4","60.9","58.5","57.6","56.6","58.1","53.8","54.5","59.4","60.1","58.9","59.5","59.5","67.5","63.9","57.6","58.4","57.4","61.6","59.9","62.5","63.1","64.2","61.4","60.3","60.5","61.5","59.7","64.0","66.5","63.4","58.9","59.8","60.4","58.6","53.9","56.7","57.8","56.9","56.9","54.6","54.7","56.3","55.6","52.8","55.8","52.2","58.0","61.2","61.8","60.6","63.8","67.3","69.1","69.7","67.8","69.2","68.8","73.8","78.6","71.7","75.0","81.7","79.4","77.8","81.2","81.5","80.6","75.8","77.1","77.4","76.1","81.3","84.5","75.5","69.0","73.5","75.4","69.4","61.9","63.9","63.4","65.6","70.2","73.0","69.0","68.2","73.5","75.3","73.8","77.5","73.1","73.7","79.2","85.8","84.8","75.0","70.9","72.8","74.4","80.0","76.8","74.6","72.4","73.5","78.6","80.5","82.1","82.3","95.9","90.3","87.2","88.0","87.0","93.2","84.5","79.4","83.7","85.2","91.4","94.5","89.9","96.5","98.9","107.4","118.5","105.2","92.6","92.4","101.1","92.0","98.2","111.8","107.4","106.3","114.1","112.7","91.7","88.5","91.1","94.3","90.2","93.6","106.7","110.1","114.5","105.1","107.4","102.7","103.4","102.3","106.1","109.9","113.5","114.4","115.3","123.8","136.0","142.8","143.5","128.3","130.5","111.0","87.3","79.1","84.4","88.7","90.6","89.0","101.0","105.3","100.1","104.3","103.1","100.5","105.1","100.8","105.7","104.2","109.7","109.4","106.6","104.1","103.7","102.1","106.1","109.7","115.5","117.3","120.8","121.2","130.4","138.7","136.2","132.1","133.1","133.1","130.9","131.1","130.3","128.0","133.6","137.2","140.2","143.5","135.8","132.3","133.5","138.5","140.9","139.8","133.4","129.5","131.0","142.8","138.3","133.9","135.9","137.9","142.1","140.3","138.9","132.1","133.2","136.3","137.4","137.3","141.3","144.0","142.7","144.9","143.0","139.4","138.7","133.5","125.0","115.9","102.3","112.0","118.4","117.6","125.0","129.9","127.0","119.8","113.7","111.8","110.9","109.0","102.4","98.1","97.7","109.4","111.6","110.8","106.2","108.2","111.0","115.8","111.2","117.3","116.5","113.0","113.1","124.5","119.0","114.0","114.7","118.3","124.9","119.4","126.8","122.8","127.6","127.5","130.0","137.9","142.7","139.7","137.6","138.3","140.0","131.7","117.0","112.5","112.1","113.6","126.3","136.0","137.9","128.5","133.3","125.1","123.9","123.6","123.5","123.5","122.1","120.1","99.3","85.5","97.0","105.6","110.6","109.3","106.6","105.4","104.8","108.7","115.4","122.5","129.1","128.5","133.8","136.4","139.7","141.2","143.3","151.6","152.1","148.3","155.5","166.6","183.7","181.2","205.4","216.5","196.8","183.5","160.8","173.4","173.3","151.6","160.4","157.9","160.1","167.4","166.4","169.1","172.2","179.8","178.4","166.2","162.0","158.2","158.5"
"Ottawa-Gatineau, Ontario part, Ontario/Quebec 2","..","..","..","..","..","..","..","..","..","..","..","..","..","..","..","..","..","..","..","..","..","..","..","..","..","..","..","..","..","..","..","..","..","..","..","..","..","..","..","..","..","..","..","..","..","..","..","..","..","..","..","..","..","..","..","..","..","..","..","..","..","..","..","..","..","..","..","..","..","..","..","..","..","..","..","..","..","..","..","..","..","..","..","..","..","..","..","..","..","..","..","..","..","..","..","..","..","..","..","..","..","..","..","..","..","..","..","..","..","..","..","..","..","..","..","..","..","..","..","..","..","..","..","..","..","..","..","..","..","..","..","..","56.0","56.2","56.3","56.5","56.5","56.9","57.4","57.3","58.7","62.7","65.9","65.9","66.3","62.5","58.6","55.6","57.2","58.8","59.9","59.8","59.4","58.9","56.8","56.8","57.9","57.4","56.6","56.9","56.9","58.7","58.2","57.9","57.7","56.8","56.4","56.0","55.7","55.0","54.6","54.5","54.1","55.9","55.1","53.4","55.9","53.6","52.6","50.5","49.2","49.9","51.0","51.8","52.1","53.6","55.2","56.2","53.8","51.7","54.0","52.0","52.3","53.1","53.8","55.8","58.0","56.8","54.5","54.1","55.0","53.5","47.4","51.6","51.4","52.0","52.8","57.2","59.3","55.4","54.5","54.2","55.8","55.3","56.4","56.4","57.2","56.8","56.7","53.9","54.2","53.1","53.8","59.5","59.7","56.4","55.0","55.9","56.0","52.7","50.6","51.4","53.6","51.6","51.4","50.7","47.8","51.1","51.1","48.1","48.8","47.0","51.2","54.6","51.7","53.1","54.9","62.4","62.1","61.8","61.7","64.5","62.7","64.7","72.0","64.1","68.7","70.9","68.9","67.6","73.6","70.6","73.6","70.0","70.5","67.8","66.0","71.3","74.9","68.8","62.9","66.9","69.5","61.3","57.0","55.1","56.0","58.0","62.8","65.9","64.3","64.5","66.6","68.7","70.0","71.7","71.6","70.9","74.4","79.1","77.3","67.6","65.5","65.2","68.3","75.5","71.4","68.9","64.6","65.1","69.4","72.7","73.8","75.8","87.5","81.3","81.3","80.8","74.9","80.1","76.9","72.1","76.8","78.5","82.4","87.0","82.9","87.1","91.6","97.6","108.8","97.1","85.6","86.1","91.9","84.6","89.0","100.6","94.5","98.0","105.2","103.2","85.4","83.5","83.1","87.7","82.5","89.3","99.5","101.8","106.6","103.3","101.2","96.3","97.3","95.1","101.5","102.3","104.1","104.7","107.1","113.8","123.9","129.9","130.2","120.4","119.9","102.2","78.8","69.5","74.2","76.8","80.8","80.9","89.3","94.4","89.5","93.7","90.5","91.6","94.7","91.3","95.2","94.9","98.3","98.2","96.0","94.4","101.4","100.2","101.1","106.4","108.7","111.3","114.3","114.0","121.0","127.8","128.3","125.0","127.1","125.6","125.1","123.3","119.4","117.6","121.8","124.0","126.3","130.6","125.5","119.1","120.7","124.7","127.1","124.8","122.0","118.5","120.1","128.3","127.1","123.3","122.4","126.9","130.2","129.9","129.8","123.9","123.3","125.8","125.2","128.7","130.0","133.2","134.2","137.4","134.6","128.1","126.2","120.8","111.0","97.9","88.6","98.2","103.9","103.1","109.8","115.6","119.0","110.6","101.7","98.2","100.5","96.0","86.9","85.1","90.6","99.8","104.5","104.9","100.9","99.3","98.8","103.7","99.0","102.3","110.8","105.3","97.6","115.6","112.3","106.3","104.3","104.5","117.9","114.9","121.9","120.6","124.4","119.6","125.8","133.6","136.9","128.2","129.5","127.4","123.1","118.1","106.4","99.7","96.5","96.1","110.9","125.8","127.8","119.1","125.4","117.8","116.2","115.2","113.6","113.1","111.6","108.4","84.3","78.3","90.7","99.4","103.7","103.3","101.1","100.1","98.7","103.2","110.9","117.7","123.1","125.4","129.9","131.3","134.7","135.7","136.3","143.5","142.6","136.0","144.3","156.0","172.0","174.3","198.0","205.7","180.4","165.5","148.7","164.3","161.5","140.6","148.6","146.0","147.7","157.8","156.0","158.7","162.0","168.9","164.9","152.5","148.7","143.6","143.9"
"Toronto, Ontario","..","..","..","..","..","..","..","..","..","..","..","..","..","..","..","..","..","..","..","..","..","..","..","..","..","..","..","..","..","..","..","..","..","..","..","..","..","..","..","..","..","..","..","..","..","..","..","..","..","..","..","..","..","..","..","..","..","..","..","..","..","..","..","..","..","..","..","..","..","..","..","..","..","..","..","..","..","..","..","..","..","..","..","..","..","..","..","..","..","..","..","..","..","..","..","..","..","..","..","..","..","..","..","..","..","..","..","..","..","..","..","..","..","..","..","..","..","..","..","..","..","..","..","..","..","..","..","..","..","..","..","..","48.5","50.8","53.1","51.7","53.9","55.2","55.9","55.9","56.5","60.1","64.3","62.1","56.3","51.7","52.5","50.2","54.4","57.4","56.9","54.9","55.6","51.4","53.2","51.3","51.9","49.0","48.6","48.8","51.5","53.1","56.6","54.3","53.1","54.1","55.5","52.5","53.1","52.7","50.9","51.3","52.0","53.4","50.0","50.2","52.0","51.2","49.6","47.3","46.2","48.9","48.6","49.4","50.5","51.6","52.8","52.4","49.9","48.8","51.1","47.9","48.8","50.4","49.9","52.3","56.3","57.0","54.3","51.3","53.4","52.2","50.2","52.1","53.0","51.8","55.2","58.0","59.6","56.6","55.8","55.6","56.4","56.7","57.6","57.2","56.7","57.5","56.3","55.6","56.2","55.6","54.3","59.4","57.1","57.0","55.1","52.9","51.4","52.4","50.3","50.9","52.2","52.9","51.2","51.4","51.7","53.4","52.2","49.2","50.2","48.6","52.4","55.5","55.9","53.3","56.6","62.4","63.6","63.2","63.1","64.9","63.5","67.1","73.1","66.9","70.8","75.8","72.0","69.2","74.4","73.0","74.1","70.0","70.4","69.6","67.3","75.4","78.8","69.2","64.4","64.8","71.2","64.2","60.1","57.9","58.6","60.2","65.5","69.1","66.9","66.5","69.0","70.3","70.7","71.2","70.0","69.7","73.3","78.2","76.8","70.9","64.2","65.8","65.8","75.9","73.2","70.8","68.3","67.8","72.8","73.7","71.2","72.8","85.2","79.5","76.3","78.2","78.7","81.6","77.3","72.5","78.0","79.0","83.8","87.6","84.2","88.1","90.1","97.9","107.2","97.2","86.7","88.5","95.8","85.5","91.1","103.0","97.9","101.6","105.7","103.3","83.3","83.4","82.8","87.5","80.1","89.3","101.1","101.1","105.5","102.3","101.0","95.8","97.2","94.4","99.9","100.6","102.5","102.8","106.1","114.0","124.6","130.6","132.0","123.9","123.7","105.9","82.7","74.2","78.9","81.6","84.7","85.2","94.4","98.8","93.9","98.3","95.3","95.6","98.1","94.4","98.9","97.7","100.6","100.7","98.2","95.5","103.3","102.0","101.0","106.2","108.5","110.1","113.6","114.8","121.0","131.0","133.5","129.5","129.6","127.4","125.3","124.2","121.0","118.1","122.1","126.3","131.1","135.6","128.9","123.1","125.6","128.6","130.5","126.3","122.2","120.5","122.5","130.8","130.0","126.1","125.4","128.1","131.7","131.2","130.7","124.8","124.6","127.3","126.6","130.6","131.5","135.0","135.8","140.5","136.7","132.0","130.1","123.8","114.8","103.8","91.0","101.4","105.5","105.2","112.6","118.1","121.0","113.0","105.2","100.8","103.0","100.4","95.7","89.8","92.5","102.3","106.1","106.1","102.4","101.1","100.9","105.4","101.4","104.7","112.8","107.8","107.6","116.0","112.0","107.3","109.5","112.5","118.2","114.9","122.2","121.0","124.5","123.6","126.1","133.7","137.3","134.6","135.6","133.6","129.3","124.0","111.7","105.5","102.4","102.1","115.8","126.7","127.7","118.9","125.3","118.5","116.7","116.9","116.4","116.0","114.6","111.0","86.1","79.1","91.2","99.9","104.3","103.9","101.8","100.7","99.3","103.6","110.9","118.1","123.8","125.9","130.2","132.6","136.4","137.2","137.9","145.3","144.3","137.7","146.1","157.5","173.0","174.3","198.0","205.9","180.5","165.6","148.7","164.3","161.6","140.7","148.6","144.6","145.8","156.6","156.1","159.1","162.5","169.4","165.6","152.9","148.8","143.7","144.2"
"Thunder Bay, Ontario 3","..","..","..","..","..","..","..","..","..","..","..","..","..","..","..","..","..","..","..","..","..","..","..","..","..","..","..","..","..","..","..","..","..","..","..","..","..","..","..","..","..","..","..","..","..","..","..","..","..","..","..","..","..","..","..","..","..","..","..","..","..","..","..","..","..","..","..","..","..","..","..","..","..","..","..","..","..","..","..","..","..","..","..","..","..","..","..","..","..","..","..","..","..","..","..","..","..","..","..","..","..","..","..","..","..","..","..","..","..","..","..","..","..","..","..","..","..","..","..","..","..","..","..","..","..","..","..","..","..","..","..","..","56.4","56.5","56.5","58.5","58.4","57.9","57.7","57.7","59.0","62.8","66.6","66.2","65.8","62.5","59.4","56.8","57.2","58.0","58.0","57.4","58.2","58.2","57.5","56.6","58.4","57.6","56.1","56.0","56.0","57.0","57.9","57.9","57.3","56.7","58.0","57.9","57.9","57.5","56.4","55.7","56.5","58.5","57.5","56.9","56.1","55.5","55.3","54.6","53.9","55.1","54.0","53.9","55.1","57.5","57.5","59.5","59.5","58.4","55.7","54.4","51.8","52.4","55.6","57.6","60.8","62.7","59.3","57.8","56.3","58.0","55.7","51.7","56.6","55.3","57.1","62.7","65.0","64.0","62.6","61.2","60.3","61.8","63.8","63.8","63.7","63.7","63.7","63.3","61.8","64.7","59.5","64.3","65.2","62.2","59.9","59.4","57.3","55.8","53.1","54.6","52.8","57.0","53.5","52.6","53.9","53.1","54.8","50.0","50.7","49.2","51.5","53.4","56.8","55.2","59.6","61.1","65.2","63.7","63.0","67.2","65.1","66.8","74.1","69.4","72.0","77.2","75.5","70.8","77.6","74.2","74.7","73.9","70.6","72.5","71.1","76.5","81.3","81.8","72.4","73.6","82.3","68.3","61.8","58.3","63.7","60.4","67.7","71.9","71.9","73.8","73.2","74.7","74.2","75.5","74.2","70.3","75.5","82.1","81.5","75.8","72.5","76.0","75.0","80.3","82.3","76.7","73.3","71.7","74.4","68.0","80.1","77.0","93.4","92.1","86.9","84.3","82.3","88.1","84.9","82.5","80.7","88.4","90.9","92.7","90.1","91.5","94.6","102.4","115.6","106.5","89.1","86.0","91.6","85.9","95.1","100.5","101.1","105.5","113.8","115.4","98.8","91.9","91.8","90.8","95.5","92.8","103.1","108.0","111.8","113.6","114.2","109.8","111.9","102.2","104.6","107.3","105.4","106.8","113.1","119.4","130.6","137.5","140.3","131.8","136.1","118.8","96.1","86.8","84.2","89.2","87.1","88.2","98.2","107.4","106.8","106.2","104.7","98.9","101.0","96.7","102.7","102.7","100.3","106.1","109.2","105.7","108.7","108.1","105.9","107.6","110.8","120.1","119.1","119.6","128.3","132.4","142.6","138.2","130.0","133.2","133.3","131.0","124.2","118.2","122.1","126.6","132.8","139.6","138.2","135.2","132.9","132.8","136.2","137.6","132.1","128.3","123.1","127.8","133.6","133.6","135.4","139.8","138.2","136.5","135.3","132.1","130.6","129.7","129.7","130.6","135.4","142.7","141.7","144.7","143.7","139.6","138.2","135.3","125.3","112.4","98.1","106.3","110.3","106.6","111.9","118.8","122.6","129.2","120.9","118.6","116.8","108.6","98.0","87.1","98.9","103.6","108.8","123.5","118.6","115.0","110.4","108.2","104.3","103.7","115.9","111.6","110.7","119.0","117.4","114.0","112.5","112.6","124.3","119.8","132.4","127.0","123.9","122.7","123.6","135.4","141.7","140.6","144.5","145.3","144.9","142.3","134.7","124.5","118.2","116.7","123.9","140.2","145.3","139.9","135.9","133.7","131.4","130.7","128.6","127.9","127.6","126.0","110.9","84.9","100.1","111.8","117.7","116.2","116.4","116.0","113.3","114.6","121.4","125.3","132.9","138.5","138.5","140.0","146.2","146.7","146.8","153.7","153.8","143.8","149.9","157.5","186.9","187.9","196.0","214.4","185.7","164.3","164.9","185.4","159.1","140.1","150.5","151.7","160.7","165.7","162.6","167.0","161.8","170.0","168.2","154.2","153.0","137.3","136.8"
"Winnipeg, Manitoba","..","..","..","..","..","..","..","..","..","..","..","..","..","..","..","..","..","..","..","..","..","..","..","..","..","..","..","..","..","..","..","..","..","..","..","..","..","..","..","..","..","..","..","..","..","..","..","..","..","..","..","..","..","..","..","..","..","..","..","..","..","..","..","..","..","..","..","..","..","..","..","..","..","..","..","..","..","..","..","..","..","..","..","..","..","..","..","..","..","..","..","..","..","..","..","..","..","..","..","..","..","..","..","..","..","..","..","..","..","..","..","..","..","..","..","..","..","..","..","..","..","..","..","..","..","..","..","..","..","..","..","..","51.8","51.8","52.8","51.9","53.2","53.1","49.9","53.9","55.4","61.9","63.4","64.8","64.4","56.9","51.0","48.3","50.3","48.2","53.9","54.6","53.8","46.8","54.1","51.8","49.9","45.9","42.4","46.8","43.6","49.9","53.4","53.9","52.7","48.7","53.3","53.9","53.9","53.9","51.9","52.4","53.0","52.9","52.9","52.8","50.9","50.8","49.9","49.9","48.9","48.9","48.9","49.3","50.1","51.9","54.9","55.2","56.4","54.9","54.8","52.9","52.9","52.8","54.3","54.4","58.5","57.0","56.8","54.9","54.0","53.9","53.3","52.9","52.9","52.9","55.9","56.9","59.7","57.8","57.2","56.8","57.9","57.9","56.6","59.9","58.1","59.0","58.6","56.1","57.9","59.2","56.8","56.2","58.9","58.0","55.9","53.7","53.7","50.9","52.7","51.9","53.9","53.9","53.9","53.9","53.9","53.9","53.9","53.1","52.7","51.5","50.0","54.9","56.5","56.5","56.8","60.6","62.5","62.4","60.4","62.5","61.9","63.8","68.8","65.6","63.8","67.4","67.2","63.8","71.2","68.6","70.6","67.3","62.9","67.7","64.6","63.4","71.9","75.6","65.4","66.3","73.8","64.9","54.2","49.7","52.2","54.3","61.6","67.0","64.5","65.6","68.2","68.7","67.5","62.6","65.5","60.5","67.1","74.9","75.8","69.7","63.7","63.4","67.2","68.8","72.6","64.7","62.1","61.0","63.5","69.0","68.6","69.4","85.6","85.2","79.7","79.9","78.6","81.3","81.1","78.7","76.6","80.2","84.1","89.1","87.5","87.7","92.5","98.3","106.7","102.1","89.3","86.0","88.4","84.2","91.6","104.8","105.7","105.0","110.7","113.5","92.5","88.3","87.3","87.1","87.0","88.0","98.3","101.8","112.1","111.1","112.4","104.3","106.7","100.5","100.9","103.5","106.2","106.9","110.9","118.9","126.7","133.2","135.6","129.2","134.6","116.9","91.4","79.3","82.9","86.4","86.9","89.5","94.5","102.9","99.8","99.7","100.2","95.9","98.5","96.0","98.9","98.9","98.7","98.8","98.8","95.5","93.9","97.3","98.9","95.9","95.6","98.4","106.1","108.0","114.3","119.8","126.2","119.3","115.2","116.4","114.4","116.1","113.2","106.2","108.0","108.6","117.3","123.2","122.1","121.9","121.9","121.9","125.0","125.8","115.4","109.0","105.1","114.1","123.1","122.8","123.5","134.8","131.5","128.5","125.5","116.4","111.8","107.1","110.1","111.7","124.9","126.9","127.8","129.0","125.4","123.1","122.5","115.6","106.9","92.1","82.4","89.7","96.0","93.7","97.8","107.8","104.1","108.7","99.2","103.6","98.4","86.6","83.2","74.7","85.0","90.3","94.8","112.7","95.5","95.0","94.8","99.2","88.1","91.7","101.9","96.3","94.2","101.7","93.3","91.5","87.6","90.1","100.2","99.7","108.9","103.1","107.0","104.2","106.9","121.1","125.1","125.3","123.4","118.0","116.6","111.3","102.4","95.5","89.9","97.5","108.4","125.1","122.6","113.1","114.7","107.7","108.2","110.9","107.0","103.3","101.6","102.5","84.5","67.7","85.2","95.5","99.9","97.8","96.7","101.1","95.9","95.7","102.9","109.2","115.9","122.7","127.8","127.1","131.5","131.8","131.8","141.2","138.7","130.7","138.5","147.1","169.8","170.9","183.1","205.3","190.1","169.9","169.2","184.3","171.7","150.8","147.2","153.2","151.5","162.4","163.0","157.6","157.5","163.3","163.4","155.9","151.6","136.7","117.4"
"Regina, Saskatchewan","..","..","..","..","..","..","..","..","..","..","..","..","..","..","..","..","..","..","..","..","..","..","..","..","..","..","..","..","..","..","..","..","..","..","..","..","..","..","..","..","..","..","..","..","..","..","..","..","..","..","..","..","..","..","..","..","..","..","..","..","..","..","..","..","..","..","..","..","..","..","..","..","..","..","..","..","..","..","..","..","..","..","..","..","..","..","..","..","..","..","..","..","..","..","..","..","..","..","..","..","..","..","..","..","..","..","..","..","..","..","..","..","..","..","..","..","..","..","..","..","..","..","..","..","..","..","..","..","..","..","..","..","51.0","51.0","54.9","54.9","54.9","54.9","55.9","54.7","54.1","58.7","53.4","57.9","55.3","46.1","44.8","44.9","48.5","39.5","52.6","50.2","44.4","47.4","48.5","46.7","50.3","46.2","45.1","42.6","52.0","48.0","48.2","49.3","50.0","52.6","53.8","55.0","56.8","52.8","49.0","51.5","53.9","53.7","53.7","53.9","53.9","54.0","54.9","54.9","53.9","52.9","52.9","53.3","53.9","56.9","56.9","58.4","59.9","57.0","56.9","54.9","54.9","55.9","57.2","58.0","61.2","61.0","58.9","58.9","56.9","56.9","53.9","55.9","54.4","55.9","57.9","58.9","60.5","58.9","58.9","58.9","61.9","61.9","60.5","62.5","59.1","60.0","61.8","60.9","58.9","63.9","61.9","59.9","59.9","58.9","57.9","56.9","56.4","55.6","54.7","53.9","56.9","56.9","56.9","54.1","53.3","56.5","56.9","55.7","55.2","54.4","53.9","57.9","59.5","59.5","60.3","64.3","65.9","65.8","63.4","65.9","65.2","66.3","71.4","71.1","69.4","70.4","73.3","72.6","75.4","75.8","75.1","74.0","72.4","74.3","69.6","68.6","77.0","81.1","71.9","72.5","83.9","71.9","64.4","59.3","63.6","61.9","69.1","73.9","72.1","74.6","75.4","77.3","77.7","77.1","76.3","72.9","78.5","83.8","83.6","71.3","70.4","72.1","74.7","80.7","81.4","75.2","70.7","69.3","73.4","76.0","79.4","80.4","90.0","86.5","84.4","84.2","84.0","87.2","85.1","79.7","79.8","85.4","89.6","94.4","89.5","91.7","92.7","100.0","108.9","103.0","89.2","88.3","94.0","89.1","91.5","108.1","109.6","108.9","112.4","117.4","95.2","91.8","88.8","88.8","91.3","91.5","101.2","105.2","116.1","111.4","113.5","107.3","108.8","101.3","104.0","104.7","107.3","107.8","113.6","122.1","130.2","137.2","136.0","130.8","134.3","118.3","91.3","79.1","86.7","89.7","90.9","93.9","97.5","107.1","102.5","103.9","100.7","96.7","100.4","94.7","99.7","99.0","101.1","103.2","105.6","101.1","99.7","99.7","100.7","103.7","103.7","105.4","111.7","111.7","119.1","125.2","132.3","127.0","123.7","122.7","125.8","122.5","120.7","118.0","116.7","115.9","121.1","126.7","126.1","125.7","125.7","125.7","128.1","129.6","118.3","109.0","106.5","117.4","120.5","117.2","123.7","131.2","126.4","123.3","122.7","117.3","115.5","118.9","111.9","118.6","127.1","128.2","129.7","132.6","128.6","125.3","126.5","121.4","108.0","95.4","83.4","93.5","96.9","95.5","101.5","112.2","109.1","113.1","101.9","103.7","101.3","88.5","80.5","72.5","86.9","88.2","94.6","109.7","94.4","96.8","95.0","97.1","88.9","91.3","101.2","93.4","92.4","102.7","95.8","92.2","93.1","95.9","99.5","99.2","110.4","104.2","105.9","103.5","108.1","116.9","123.7","122.3","123.4","121.4","120.6","120.1","109.4","97.2","91.8","101.8","111.2","127.3","123.7","110.7","115.1","109.0","108.2","110.8","108.7","108.5","109.8","105.1","88.4","71.7","87.9","96.7","102.4","101.1","102.8","97.8","98.4","99.8","104.1","110.6","120.4","127.9","127.0","127.0","131.8","131.8","131.8","141.6","143.4","130.8","137.0","145.9","168.5","167.3","181.4","203.8","191.4","158.0","158.1","177.8","162.3","142.1","147.9","147.9","155.1","160.5","160.0","159.8","156.2","163.4","163.7","157.0","149.4","137.4","133.0"
"Saskatoon, Saskatchewan","..","..","..","..","..","..","..","..","..","..","..","..","..","..","..","..","..","..","..","..","..","..","..","..","..","..","..","..","..","..","..","..","..","..","..","..","..","..","..","..","..","..","..","..","..","..","..","..","..","..","..","..","..","..","..","..","..","..","..","..","..","..","..","..","..","..","..","..","..","..","..","..","..","..","..","..","..","..","..","..","..","..","..","..","..","..","..","..","..","..","..","..","..","..","..","..","..","..","..","..","..","..","..","..","..","..","..","..","..","..","..","..","..","..","..","..","..","..","..","..","..","..","..","..","..","..","..","..","..","..","..","..","55.2","55.2","55.2","55.2","55.2","55.2","56.1","56.2","57.7","63.7","63.5","67.1","67.7","57.3","51.8","49.2","52.4","43.9","53.8","53.3","50.2","48.1","53.9","51.3","51.9","47.9","45.9","45.9","51.7","52.9","52.7","51.9","53.5","53.9","53.9","56.9","56.9","56.7","54.9","56.9","56.9","56.9","56.8","56.3","51.3","54.9","54.9","54.9","50.7","52.4","52.9","53.2","53.9","56.9","56.9","58.7","59.1","56.1","57.9","55.3","54.7","52.5","57.5","58.5","62.5","60.2","61.1","59.9","57.9","56.3","55.9","56.8","56.7","56.9","59.5","61.7","62.9","61.9","61.2","59.9","62.6","62.9","61.9","61.9","62.1","62.5","61.9","61.3","59.8","61.9","60.9","60.9","60.9","58.9","57.9","57.9","57.6","56.6","55.9","56.9","56.9","56.9","56.9","56.9","56.9","56.7","55.9","55.8","54.7","52.9","52.9","57.9","59.5","57.9","60.3","63.7","64.9","64.9","63.5","64.9","64.5","66.9","71.7","70.3","69.0","71.2","73.6","72.3","75.6","76.1","75.1","74.0","72.4","74.2","70.6","69.1","77.7","81.9","71.8","72.4","82.4","71.0","64.3","58.9","63.6","61.9","68.2","74.9","73.8","74.5","75.1","77.7","78.9","78.9","77.2","71.2","76.3","79.7","82.5","76.7","73.3","73.3","74.4","80.9","81.6","75.5","70.1","66.9","70.2","77.2","78.9","80.3","91.0","90.8","86.5","85.3","82.2","87.4","83.4","81.0","78.8","84.6","90.0","94.3","89.0","91.8","96.9","101.6","110.9","102.5","92.1","89.6","91.9","90.8","95.3","109.4","109.6","108.0","114.3","116.9","94.8","89.5","86.9","90.4","90.5","92.3","101.0","105.2","116.2","111.6","114.9","106.5","108.5","99.5","103.9","104.3","107.3","107.4","113.5","121.7","129.3","136.9","135.5","130.8","135.2","116.9","91.9","81.3","86.5","91.0","91.3","94.0","97.9","106.7","102.9","103.3","100.8","96.5","99.3","93.9","100.6","99.0","101.0","102.5","105.1","99.1","100.8","99.4","101.7","102.9","100.1","104.4","111.7","111.6","119.6","126.2","132.2","125.3","122.7","122.4","124.3","121.6","117.9","112.1","115.2","115.5","122.9","126.9","126.2","125.9","125.9","125.9","127.9","129.9","121.0","110.4","103.8","117.6","120.3","116.6","125.2","130.3","128.5","123.3","122.7","116.1","113.2","115.9","112.4","118.1","127.0","130.6","129.1","131.9","128.6","126.2","124.3","121.1","108.3","94.4","84.9","94.6","99.2","96.7","100.4","111.3","109.7","116.3","102.5","104.1","99.7","87.6","77.7","74.0","84.4","90.4","95.3","107.8","91.8","96.8","97.3","98.1","86.5","94.4","102.0","94.1","92.4","102.1","95.8","91.4","93.6","95.8","99.9","99.0","108.5","103.6","107.4","103.5","109.4","117.6","123.1","122.4","125.8","122.9","121.8","122.4","114.1","101.4","95.7","101.0","110.9","127.8","128.3","121.5","118.2","110.6","108.2","109.9","101.6","107.2","110.0","107.1","85.2","65.6","85.7","96.5","103.3","102.0","103.6","102.0","97.5","100.0","103.8","110.3","119.7","126.5","125.3","126.5","131.3","131.3","131.7","141.3","143.0","129.7","135.7","145.7","168.2","167.2","181.5","202.9","186.5","153.8","155.0","177.3","157.1","140.0","147.6","146.4","152.7","158.8","156.0","156.3","153.5","157.6","155.8","151.1","142.6","132.1","130.0"
"Edmonton, Alberta 4","..","..","..","..","..","..","..","..","..","..","..","..","..","..","..","..","..","..","..","..","..","..","..","..","..","..","..","..","..","..","..","..","..","..","..","..","..","..","..","..","..","..","..","..","..","..","..","..","..","..","..","..","..","..","..","..","..","..","..","..","..","..","..","..","..","..","..","..","..","..","..","..","..","..","..","..","..","..","..","..","..","..","..","..","..","..","..","..","..","..","..","..","..","..","..","..","..","..","..","..","..","..","..","..","..","..","..","..","..","..","..","..","..","..","..","..","..","..","..","..","..","..","..","..","..","..","..","..","..","..","..","..","48.3","48.4","48.9","51.1","52.9","52.9","52.8","52.9","54.4","60.7","62.2","58.2","63.4","43.3","46.3","43.7","51.1","47.9","52.3","53.8","51.1","50.3","47.6","46.7","48.9","41.8","46.7","43.8","46.1","49.8","50.5","49.2","48.5","46.7","49.4","49.4","49.4","44.7","47.1","45.9","43.4","48.3","45.7","46.1","45.3","46.6","42.0","43.8","42.2","41.4","39.9","46.1","45.9","47.7","48.1","49.2","50.1","45.0","42.5","46.2","45.0","45.7","47.9","50.9","52.4","49.3","49.7","45.9","46.9","46.2","46.1","44.8","43.4","43.9","50.4","50.9","52.8","49.4","50.3","49.8","52.3","50.2","49.6","52.0","51.2","54.0","53.3","51.9","52.3","53.9","52.8","52.4","51.9","51.9","49.9","49.9","48.5","46.9","45.9","48.6","48.9","48.8","47.5","47.1","46.7","45.9","45.7","43.7","42.9","42.9","44.2","48.9","51.9","51.0","51.5","55.3","57.4","57.6","55.6","57.4","56.9","57.7","64.1","62.5","61.6","63.5","65.6","62.5","67.9","68.8","65.9","65.3","62.6","65.3","61.9","61.3","68.8","69.3","61.0","61.8","69.8","56.7","51.0","46.5","47.4","51.8","58.9","65.4","63.9","66.1","67.8","68.8","68.4","67.5","68.4","66.4","68.3","71.9","74.9","67.6","64.6","65.0","65.7","71.7","72.0","65.1","61.8","60.4","64.6","68.3","72.2","74.9","84.8","85.8","77.4","77.0","75.1","79.3","77.4","73.7","73.6","77.4","80.8","86.6","80.8","83.5","88.6","94.4","102.2","91.7","83.0","78.9","84.8","81.5","88.8","99.7","100.2","97.2","105.8","109.4","86.0","78.2","79.3","81.6","82.1","84.8","94.7","99.1","109.3","102.4","105.6","98.7","101.2","92.4","94.9","95.7","100.3","100.5","105.6","112.5","122.2","128.9","130.3","122.4","125.3","107.8","83.0","71.0","76.0","80.6","82.1","82.3","87.9","93.3","89.6","93.0","90.8","88.2","89.1","84.8","90.5","86.9","90.5","91.4","92.8","87.2","88.2","90.4","89.4","91.0","88.9","95.2","99.8","100.8","109.5","114.3","120.8","110.0","109.2","109.3","108.5","108.8","103.3","99.3","101.7","103.9","111.7","117.1","111.9","112.2","108.9","112.7","118.0","114.2","100.9","102.3","91.6","107.1","110.7","105.8","114.0","121.0","115.7","113.7","112.6","106.8","103.0","105.6","102.7","107.6","116.4","118.1","114.4","120.8","117.6","115.4","113.5","109.9","99.7","84.5","72.4","82.4","90.7","93.4","94.4","104.4","103.7","107.6","95.4","98.0","89.1","81.5","73.3","63.1","78.1","83.7","90.0","102.4","86.1","89.4","87.6","94.1","83.8","89.7","100.9","91.7","92.2","103.9","96.1","91.4","93.1","96.6","96.7","98.5","110.7","102.8","107.5","104.0","111.3","122.5","127.5","124.4","131.0","126.2","126.6","119.8","105.7","95.0","91.8","99.2","110.2","118.9","117.8","100.4","105.4","99.9","99.3","98.2","95.1","96.2","98.8","96.4","77.0","62.4","83.3","92.0","95.0","92.2","98.8","92.0","90.2","94.7","100.9","109.0","114.5","119.9","123.4","125.6","133.0","132.3","129.5","138.3","136.0","130.6","133.7","142.2","161.7","150.5","163.3","186.0","179.1","147.3","136.8","163.4","148.1","126.2","127.4","123.0","129.0","140.4","138.1","139.4","136.7","142.5","141.8","138.7","132.9","122.2","120.5"
"Calgary, Alberta 4","..","..","..","..","..","..","..","..","..","..","..","..","..","..","..","..","..","..","..","..","..","..","..","..","..","..","..","..","..","..","..","..","..","..","..","..","..","..","..","..","..","..","..","..","..","..","..","..","..","..","..","..","..","..","..","..","..","..","..","..","..","..","..","..","..","..","..","..","..","..","..","..","..","..","..","..","..","..","..","..","..","..","..","..","..","..","..","..","..","..","..","..","..","..","..","..","..","..","..","..","..","..","..","..","..","..","..","..","..","..","..","..","..","..","..","..","..","..","..","..","..","..","..","..","..","..","..","..","..","..","..","..","47.9","48.9","49.7","51.9","51.9","53.4","53.0","53.4","54.9","61.4","62.8","60.6","63.5","44.9","45.5","42.8","49.3","48.8","52.9","54.1","54.9","50.9","48.7","49.6","46.1","44.0","47.2","42.8","46.3","47.9","51.9","47.5","45.7","45.9","48.0","45.9","49.9","47.3","45.0","46.1","47.9","47.9","47.9","47.9","47.9","47.2","46.7","46.0","43.3","42.7","40.5","45.9","47.1","48.5","49.7","51.5","52.9","49.9","49.3","48.0","47.5","48.5","50.2","51.8","54.8","53.7","51.1","48.9","48.6","49.9","48.7","46.1","46.7","47.3","50.3","53.7","54.8","53.6","52.9","52.5","53.3","51.7","51.0","52.4","52.8","55.0","54.2","52.9","53.0","54.7","53.9","53.9","53.7","52.9","50.9","49.9","48.8","47.9","47.7","49.9","49.2","50.9","48.9","48.9","48.9","48.1","48.9","48.3","47.1","45.9","46.2","49.1","51.9","51.6","52.8","56.8","58.6","58.5","55.8","57.5","57.0","58.2","64.1","61.6","61.6","63.9","66.8","65.2","68.0","68.3","67.7","66.2","64.8","66.1","62.7","62.6","70.8","75.4","64.2","63.9","76.3","64.2","52.6","50.5","53.8","55.0","61.2","66.9","65.9","64.8","67.2","71.2","70.2","68.7","67.8","62.2","66.6","71.9","71.6","66.8","63.6","64.9","64.1","69.9","72.7","64.2","61.2","58.1","65.9","64.9","71.7","73.2","83.1","80.8","76.4","75.6","74.3","79.9","78.7","73.1","72.0","76.4","81.7","86.4","83.1","84.0","90.2","93.4","102.7","95.9","82.7","81.7","85.9","83.1","87.6","100.4","102.7","100.4","106.0","110.1","86.9","82.8","80.8","80.4","82.4","84.8","95.6","99.3","110.0","105.0","109.0","101.7","103.2","94.4","98.1","98.3","101.8","102.1","106.8","115.8","123.9","129.6","132.2","124.0","127.3","110.3","86.0","73.0","76.7","83.2","83.6","84.7","89.8","98.3","92.5","94.8","93.3","89.9","91.8","87.0","92.3","88.5","92.2","93.3","94.9","89.2","92.3","94.4","93.4","94.7","92.3","97.2","104.5","103.4","112.0","117.2","123.2","114.9","113.7","112.7","112.4","111.9","106.6","104.0","105.5","107.3","113.7","119.2","114.5","115.0","113.2","115.6","119.3","117.7","106.7","102.2","95.9","110.9","113.6","111.3","118.9","127.3","118.9","115.3","114.0","111.7","108.4","108.2","107.2","112.0","119.8","123.4","123.1","126.1","121.3","120.0","118.0","117.1","104.0","93.4","77.9","87.9","93.5","95.3","100.2","111.0","109.5","113.2","101.0","104.8","99.7","86.2","80.3","73.5","84.6","90.4","95.7","105.6","92.8","96.3","92.7","95.4","87.4","94.9","106.8","93.8","93.3","108.3","99.5","96.3","95.7","99.3","102.3","101.8","113.9","106.7","112.1","110.6","115.3","125.2","129.6","127.1","131.4","129.7","129.9","121.4","108.3","97.1","95.2","102.0","113.6","122.5","120.7","103.6","108.4","102.2","102.1","100.4","97.9","99.0","101.6","99.0","79.2","66.2","87.2","95.1","97.4","97.5","104.9","104.5","103.7","101.9","102.8","111.3","117.3","123.6","127.3","130.3","135.6","135.2","133.1","140.8","141.9","139.5","138.9","145.4","164.7","155.5","167.4","189.5","183.1","153.0","144.2","167.1","149.3","124.2","128.6","125.5","132.2","145.1","146.0","144.6","141.3","146.8","143.1","137.6","130.1","120.0","125.6"
"Vancouver, British Columbia","..","..","..","..","..","..","..","..","..","..","..","..","..","..","..","..","..","..","..","..","..","..","..","..","..","..","..","..","..","..","..","..","..","..","..","..","..","..","..","..","..","..","..","..","..","..","..","..","..","..","..","..","..","..","..","..","..","..","..","..","..","..","..","..","..","..","..","..","..","..","..","..","..","..","..","..","..","..","..","..","..","..","..","..","..","..","..","..","..","..","..","..","..","..","..","..","..","..","..","..","..","..","..","..","..","..","..","..","..","..","..","..","..","..","..","..","..","..","..","..","..","..","..","..","..","..","..","..","..","..","..","..","57.6","58.7","58.7","59.9","59.9","59.9","60.3","60.4","61.3","64.9","69.9","65.9","67.4","61.8","55.0","54.6","57.9","54.7","55.8","58.6","59.2","58.2","58.7","51.7","56.2","51.7","50.4","52.2","52.3","52.7","56.9","55.0","53.7","53.8","54.9","55.8","55.6","54.9","53.5","54.3","53.7","54.5","55.3","55.4","56.4","56.4","53.9","53.1","50.7","51.9","52.9","52.3","55.9","56.9","57.3","58.9","57.9","57.9","57.8","56.8","56.3","54.7","58.1","59.1","59.9","59.9","59.9","59.9","58.9","58.4","58.3","57.8","54.2","55.8","56.6","60.1","64.6","64.8","60.2","60.0","61.3","60.0","57.5","55.9","58.0","60.2","60.0","58.7","61.3","58.4","53.9","60.4","61.5","60.8","57.8","55.0","53.8","52.3","50.8","51.9","54.6","53.2","53.0","48.2","44.8","50.0","47.3","46.9","45.6","45.0","46.7","55.4","55.0","56.0","58.9","56.4","62.1","58.6","56.9","54.7","60.2","56.7","66.9","65.2","66.9","69.4","74.6","72.5","74.9","76.2","74.0","71.7","69.4","70.6","66.5","70.6","73.4","76.9","67.0","67.2","73.8","71.3","62.3","58.2","57.8","57.3","65.7","71.2","73.1","73.3","73.7","74.0","75.3","76.9","76.1","70.9","74.1","79.4","87.7","79.1","72.5","74.1","73.4","84.1","81.1","70.5","73.1","72.0","72.9","79.0","81.0","86.8","95.6","93.6","88.2","90.4","88.0","89.5","85.6","80.8","82.2","88.0","92.0","101.4","97.0","96.7","99.5","105.3","112.7","104.6","94.9","90.8","93.6","89.0","97.1","110.7","117.7","113.1","116.0","114.3","99.1","96.2","97.7","101.4","100.5","99.9","108.7","116.7","125.0","110.8","109.8","105.3","106.2","101.8","107.1","105.7","105.8","109.9","116.4","122.5","132.4","143.1","146.6","140.5","137.9","119.8","96.6","84.3","91.9","95.0","98.7","100.0","104.0","110.9","108.1","109.4","112.1","104.0","107.6","105.7","110.4","109.7","113.7","114.9","115.6","114.3","118.1","118.5","116.0","116.3","116.8","119.1","121.1","122.9","130.6","136.8","139.5","135.8","133.7","133.2","136.9","138.7","133.5","126.6","128.7","129.5","140.9","142.6","144.4","142.0","138.2","137.5","135.0","136.5","126.2","122.2","126.0","137.6","141.0","136.9","145.7","143.7","147.1","144.9","140.3","132.4","128.5","125.4","129.8","131.6","141.9","147.2","149.1","152.3","146.1","143.6","141.9","131.6","128.0","112.8","102.9","117.2","124.6","123.6","133.0","135.1","135.5","130.6","118.2","116.6","124.7","122.9","110.7","105.9","112.9","114.7","120.0","121.6","124.1","119.7","125.6","128.3","115.3","120.6","127.9","125.6","133.9","138.8","134.0","130.1","131.8","137.7","137.4","136.9","141.3","137.2","141.7","144.5","151.4","155.1","159.9","154.3","155.7","150.3","151.9","155.2","141.9","138.5","132.0","134.4","149.6","167.3","169.0","148.4","151.5","148.2","153.6","158.2","140.5","136.5","139.9","145.9","121.4","96.7","113.0","127.2","131.4","130.0","125.9","122.3","123.6","126.1","134.6","141.2","149.6","152.2","155.6","161.1","169.1","165.6","156.7","162.4","159.8","157.2","170.5","177.1","198.3","198.5","220.1","225.4","202.4","193.2","205.7","206.9","183.5","164.1","179.3","183.3","183.0","188.9","187.8","202.0","197.0","206.9","203.6","182.3","178.7","171.7","168.8"
"Victoria, British Columbia","..","..","..","..","..","..","..","..","..","..","..","..","..","..","..","..","..","..","..","..","..","..","..","..","..","..","..","..","..","..","..","..","..","..","..","..","..","..","..","..","..","..","..","..","..","..","..","..","..","..","..","..","..","..","..","..","..","..","..","..","..","..","..","..","..","..","..","..","..","..","..","..","..","..","..","..","..","..","..","..","..","..","..","..","..","..","..","..","..","..","..","..","..","..","..","..","..","..","..","..","..","..","..","..","..","..","..","..","..","..","..","..","..","..","..","..","..","..","..","..","..","..","..","..","..","..","..","..","..","..","..","..","55.0","56.7","56.7","57.9","58.5","58.5","58.8","59.1","61.3","63.5","67.5","67.5","69.3","65.9","59.3","56.4","56.4","56.4","54.5","55.1","56.8","56.8","56.8","55.3","54.5","53.5","50.7","50.3","52.2","50.0","54.8","53.7","48.5","51.5","52.9","53.1","53.9","52.8","51.2","50.3","50.6","51.7","48.2","50.4","52.8","50.4","50.5","49.2","48.7","46.5","47.5","51.3","52.9","51.3","54.7","52.7","51.8","55.9","55.8","52.8","49.6","50.7","51.1","55.4","56.5","55.8","56.6","56.5","56.5","56.5","56.5","56.5","55.0","54.9","54.6","58.7","61.9","61.6","59.9","56.0","59.5","59.5","57.9","54.9","56.4","59.9","59.6","58.9","58.9","58.2","56.5","59.1","62.5","62.5","59.1","56.6","53.2","52.3","48.3","52.5","54.8","52.8","52.3","53.2","53.6","53.6","53.8","52.2","49.9","49.9","50.9","58.8","59.8","60.0","62.7","62.7","64.9","64.9","63.5","63.0","64.6","64.9","71.3","70.6","70.0","72.1","76.5","76.6","79.3","80.2","79.8","76.5","74.4","73.9","73.0","73.1","76.5","82.4","73.4","71.9","81.9","77.1","67.7","61.9","63.4","63.9","69.4","75.5","75.5","76.1","77.9","77.9","77.7","77.5","77.2","74.8","76.9","83.4","90.0","83.5","79.9","79.9","79.9","86.2","84.9","77.7","76.9","74.5","77.1","79.9","84.9","88.3","97.1","97.0","93.9","93.9","93.9","93.9","92.2","86.5","83.2","88.4","92.8","101.4","100.3","97.5","101.4","107.8","116.1","109.5","99.1","92.3","94.7","93.7","98.2","112.5","118.2","116.7","115.2","118.0","100.5","99.0","97.5","101.0","103.3","98.0","106.9","116.9","122.7","112.4","111.4","106.8","107.7","101.8","104.5","107.4","107.7","109.4","116.0","122.7","133.8","143.5","150.5","142.0","138.2","123.1","98.9","84.4","91.7","96.3","96.4","98.5","105.0","107.2","105.2","105.7","108.1","101.1","105.4","103.9","103.8","102.5","105.4","106.1","109.7","110.9","112.0","112.0","112.0","109.9","112.7","112.9","114.7","116.9","125.1","130.2","131.6","129.1","124.4","123.0","127.9","125.4","120.0","112.6","116.7","114.4","128.5","130.7","131.8","130.1","123.9","126.2","124.7","126.0","114.2","113.7","115.0","123.5","123.9","126.1","132.3","135.2","138.1","135.9","133.4","125.7","119.2","117.0","118.2","119.7","128.2","136.3","139.2","138.8","136.1","131.2","130.3","120.3","113.5","108.5","98.9","103.2","120.5","118.3","124.6","126.8","128.2","124.7","114.1","108.7","116.3","113.9","103.7","98.1","105.9","105.9","112.8","114.9","113.9","112.6","118.3","119.5","120.2","114.2","124.0","116.9","125.8","128.8","125.7","124.5","121.8","127.7","129.3","127.3","134.1","128.0","129.6","134.9","143.2","147.2","153.9","150.1","150.0","144.5","142.7","148.3","137.8","132.5","130.1","126.7","137.6","157.5","161.3","146.5","142.2","136.1","141.9","150.7","138.9","132.4","139.7","143.2","126.3","99.4","107.9","123.2","129.8","127.9","125.0","121.6","119.9","120.3","128.0","137.6","148.1","148.3","154.3","155.2","167.2","163.1","156.3","160.9","158.2","152.6","164.6","170.1","196.6","194.1","217.4","225.2","203.0","189.0","196.5","211.6","185.7","160.4","173.4","178.6","180.9","184.9","185.0","197.3","195.0","198.7","200.9","193.8","179.6","171.4","161.1"
"Whitehorse, Yukon","..","..","..","..","..","..","..","..","..","..","..","..","..","..","..","..","..","..","..","..","..","..","..","..","..","..","..","..","..","..","..","..","..","..","..","..","..","..","..","..","..","..","..","..","..","..","..","..","..","..","..","..","..","..","..","..","..","..","..","..","..","..","..","..","..","..","..","..","..","..","..","..","..","..","..","..","..","..","..","..","..","..","..","..","..","..","..","..","..","..","..","..","..","..","..","..","..","..","..","..","..","..","..","..","..","..","..","..","..","..","..","..","..","..","..","..","..","..","..","..","..","..","..","..","..","..","..","..","..","..","..","..","57.0","57.4","57.6","58.0","57.9","57.9","57.9","57.9","59.1","64.4","66.3","66.9","70.4","68.2","63.8","61.3","60.5","60.3","60.3","60.1","60.1","60.1","60.1","60.0","59.9","59.9","60.3","59.9","59.9","58.7","58.7","57.9","57.1","56.3","56.3","56.5","57.1","57.1","57.1","57.1","57.1","57.1","58.8","59.2","59.2","59.2","59.2","57.9","55.3","56.9","56.9","56.9","54.9","56.9","56.9","58.5","60.9","60.9","60.9","60.9","59.7","60.3","62.3","62.1","62.1","64.9","64.9","64.9","64.9","64.9","64.9","64.9","65.3","63.1","61.9","64.9","67.9","67.9","67.9","67.9","67.9","69.9","69.9","69.6","66.4","66.1","67.1","68.3","68.3","68.3","68.3","68.3","68.3","68.3","68.3","68.3","68.3","67.9","67.9","66.7","65.1","66.9","67.3","66.9","66.7","66.5","66.5","65.7","65.6","60.9","60.7","63.7","65.9","67.5","67.7","69.8","70.2","71.9","71.8","71.8","73.8","74.2","75.5","78.9","78.6","80.9","83.4","83.9","84.9","87.4","87.5","87.5","84.9","82.7","81.7","80.2","81.9","87.4","86.9","79.8","84.4","82.0","74.7","73.6","71.5","70.0","73.2","78.8","82.3","84.8","84.8","84.8","84.8","84.8","84.8","84.8","85.2","90.9","87.7","85.3","77.4","82.4","84.8","86.3","89.8","79.5","78.4","75.4","77.8","86.9","89.0","91.0","97.9","101.3","97.3","95.8","96.3","99.3","99.8","94.5","90.3","93.5","97.4","104.8","103.5","100.5","106.3","111.0","120.5","120.3","110.3","107.1","104.9","105.3","100.4","114.1","113.4","113.6","116.3","118.4","112.3","101.2","95.0","96.0","99.0","95.0","99.3","108.5","112.5","118.4","118.6","118.5","118.4","116.1","114.6","115.1","114.7","114.6","116.8","121.6","135.9","141.4","144.4","140.1","138.9","130.5","105.1","91.0","85.2","90.5","98.8","98.5","98.8","105.5","106.3","103.0","100.8","101.5","99.8","99.7","110.7","112.2","112.5","112.5","112.5","112.5","112.5","112.9","112.9","112.9","112.9","112.9","118.5","119.9","126.7","132.2","136.9","137.2","132.8","130.2","128.7","128.7","128.0","125.9","125.9","125.9","131.5","136.0","136.5","136.0","136.0","136.0","136.0","136.0","134.5","131.0","129.8","128.2","128.8","127.9","133.4","147.9","140.5","140.2","139.9","139.9","131.3","128.8","128.7","131.9","135.0","133.9","140.2","140.4","140.9","135.1","134.3","132.8","128.7","118.9","101.4","97.4","105.4","109.4","112.3","117.7","118.9","124.9","119.9","119.8","114.3","101.2","98.2","90.8","94.7","99.8","107.2","121.6","117.3","115.9","115.9","115.9","113.7","112.0","119.1","119.8","119.8","119.5","117.4","113.7","111.3","110.7","117.9","113.1","127.0","124.5","121.4","121.4","121.4","130.9","142.4","144.9","144.9","144.9","144.1","144.7","140.4","124.9","124.9","124.9","129.8","137.9","137.7","137.7","142.4","142.9","142.8","142.9","142.9","142.7","142.9","142.5","125.5","100.9","103.0","115.3","119.9","119.9","119.8","119.9","119.9","119.9","124.1","127.1","132.8","139.8","141.6","144.9","148.9","154.6","155.8","155.9","155.9","155.9","157.2","164.5","177.0","182.8","202.2","217.1","208.5","186.6","186.2","199.9","186.3","174.5","169.6","167.8","169.2","183.1","183.9","183.9","183.9","191.4","193.6","191.7","189.9","179.3","169.9"
"Yellowknife, Northwest Territories","..","..","..","..","..","..","..","..","..","..","..","..","..","..","..","..","..","..","..","..","..","..","..","..","..","..","..","..","..","..","..","..","..","..","..","..","..","..","..","..","..","..","..","..","..","..","..","..","..","..","..","..","..","..","..","..","..","..","..","..","..","..","..","..","..","..","..","..","..","..","..","..","..","..","..","..","..","..","..","..","..","..","..","..","..","..","..","..","..","..","..","..","..","..","..","..","..","..","..","..","..","..","..","..","..","..","..","..","..","..","..","..","..","..","..","..","..","..","..","..","..","..","..","..","..","..","..","..","..","..","..","..","58.9","59.2","59.6","60.0","60.4","60.4","61.6","61.7","63.1","70.2","72.8","74.3","76.6","75.6","72.8","65.7","64.3","64.1","62.2","62.3","61.5","61.7","62.7","63.3","63.9","63.9","63.9","63.9","63.9","63.9","64.7","64.7","64.7","64.8","64.8","65.2","65.2","65.2","65.2","65.2","65.2","65.2","65.2","65.2","65.2","65.2","65.2","65.2","64.7","64.7","64.7","64.7","64.7","64.7","66.5","66.5","66.5","66.9","66.9","66.8","66.8","66.8","68.0","68.0","69.7","71.8","72.2","71.8","71.8","71.8","71.8","71.8","71.8","71.8","71.8","71.8","74.1","74.1","73.7","73.7","73.7","74.1","74.0","74.0","74.0","73.9","73.9","73.9","74.1","74.1","74.1","74.1","74.1","73.5","73.5","73.6","73.6","72.4","72.0","71.9","71.9","71.9","71.9","71.9","71.9","71.9","71.9","71.9","70.2","69.9","69.9","69.9","69.9","73.9","73.9","73.9","77.9","77.9","77.9","77.9","77.9","78.9","83.9","85.9","85.9","87.1","88.3","86.3","87.5","87.9","87.9","87.9","87.7","87.5","87.5","87.5","88.6","93.4","89.4","89.4","93.4","89.0","83.6","82.0","82.0","82.0","83.1","89.4","89.1","89.3","89.4","90.6","91.7","91.7","91.7","91.7","91.7","94.7","98.9","97.5","92.0","89.9","89.9","89.9","91.7","89.9","89.9","89.9","89.9","89.9","91.8","92.9","96.4","104.8","101.8","99.9","99.9","99.9","98.9","95.9","95.9","96.8","96.9","100.5","102.8","102.8","103.5","108.0","119.6","116.7","110.0","106.5","105.1","104.2","104.6","114.2","116.0","116.0","119.3","123.0","105.5","102.3","102.0","102.3","100.5","101.6","113.9","118.3","126.8","128.3","127.1","123.5","123.6","118.8","117.1","116.3","115.6","116.8","125.4","132.0","141.3","146.4","150.0","147.1","149.6","134.5","115.7","99.0","97.6","101.5","102.8","104.5","107.0","118.7","119.2","117.4","117.4","117.3","117.1","117.0","116.9","116.9","116.9","116.9","116.9","116.9","116.9","116.9","116.9","116.9","117.1","116.9","116.9","117.4","128.2","132.7","138.9","138.9","138.9","138.9","138.9","138.9","138.9","138.9","138.9","138.9","138.5","138.9","138.9","138.9","138.9","138.9","138.9","138.9","138.9","138.9","138.9","138.9","138.9","138.9","138.9","138.9","138.9","138.9","138.9","138.9","138.9","138.9","138.9","138.9","138.9","138.9","138.9","138.9","138.9","138.9","138.9","138.9","137.8","122.8","107.0","110.2","113.9","113.9","119.4","128.9","133.9","134.2","123.3","127.2","119.7","112.4","107.3","96.5","104.4","108.4","113.4","122.9","119.4","118.2","116.5","118.2","114.2","114.2","121.7","118.2","116.9","118.7","116.9","115.9","114.4","114.9","115.0","114.5","123.4","122.4","123.1","122.9","122.9","128.9","137.2","141.7","144.4","145.6","146.4","146.0","140.4","128.8","119.7","120.3","125.6","134.5","142.7","138.5","134.4","131.6","133.5","133.4","132.1","131.7","129.7","127.6","112.4","94.7","96.7","109.5","115.0","116.5","117.2","120.0","118.9","118.9","121.4","124.3","130.4","135.7","140.9","143.1","147.6","149.8","149.9","150.6","152.8","151.5","151.5","158.1","175.6","174.4","187.0","208.1","200.0","177.1","173.9","180.2","174.1","158.7","158.0","160.7","162.3","166.9","166.0","166.9","166.8","167.2","167.2","168.0","168.7","163.4","157.4"

Symbol legend:
.., not available for a specific reference period




Footnotes:
1,"For concepts and definitions, see publication Your Guide to the Consumer Price Index, catalogue no. 62-557-X, or publication The Canadian Consumer Price Index Reference Paper, catalogue no. 62-553-X. Additional information can also be obtained by contacting the <a href="mailto:statcan.cpddisseminationunit-dpcunitedediffusion.statcan@statcan.gc.ca">Consumer Prices Division</a>."
2,"Formerly Ottawa (Ottawa-Hull, Ontario part)."
3,"No average retail price for diesel fuel at full service filling stations is published for Thunder Bay because it is not applicable."
4,"No average retail price for fuel oil is published for Edmonton and Calgary because it is not applicable."



"How to cite: Statistics Canada. Table 18-10-0001-01  Monthly average retail prices for gasoline and fuel oil, by geography"
https://www150.statcan.gc.ca/t1/tbl1/en/tv.action?pid=1810000101